ADMIN,count
United States of America,35
Brazil,24
Italy,19
Canada,18
Mexico,17
Russia,15
Malaysia,15
Japan,15
Germany,14
Indonesia,14
Thailand,13
Finland,12
Turkey,12
Colombia,12
India,12
Austria,11
Spain,10
South Africa,10
Uruguay,10
Argentina,10
Philippines,10
Belgium,10
Australia,10
Slovakia,9
Nigeria,9
Ghana,9
Taiwan,9
New Zealand,8
Norway,8
Ireland,8
Poland,8
Sweden,8
Greece,8
Ecuador,8
Denmark,8
Kenya,7
Senegal,7
Israel,7
Bolivia,7
Chile,7
Portugal,6
United Kingdom,6
Bulgaria,6
Netherlands,6
Peru,6
France,6
Latvia,5
Jordan,5
Botswana,5
Guatemala,5
Ukraine,5
Switzerland,4
Singapore,4
Croatia,4
Panama,3
Bangladesh,3
Republic of Serbia,3
United Arab Emirates,3
Luxembourg,3
Slovenia,3
South Korea,3
Czech Republic,3
Rwanda,2
Tunisia,2
Sri Lanka,2
Albania,2
Bhutan,2
Cambodia,2
Montenegro,2
Dominican Republic,2
Lithuania,2
Estonia,2
Kazakhstan,2
Indian Ocean Territories,2
Puerto Rico,2
Iceland,2
Qatar,1
Hong Kong S.A.R.,1
Cura√ßao,1
Uganda,1
Faroe Islands,1
Guam,1
Swaziland,1
Hungary,1
Isle of Man,1
Kyrgyzstan,1
Liechtenstein,1
Macao S.A.R,1
Monaco,1
Palestine,1
Romania,1
Lesotho,1
